{"cameraMode":{"drawMode":0,"name":"Shaded","section":"Shading Mode"},"sceneLighting":true,"audioPlay":false,"sceneViewState":{"showFog":false,"showMaterialUpdate":false,"showSkybox":false,"showFlares":false,"showImageEffects":false,"showParticleSystems":false},"in2DMode":false,"pivot":{"x":-1.5152459144592286,"y":1.2356233596801758,"z":-12.034018516540528},"rotation":{"x":0.28702089190483096,"y":0.03671984001994133,"z":-0.011070525273680687,"w":0.9572572708129883},"size":6.4799652099609379,"orthographic":false}