{"cameraMode":{"drawMode":0,"name":"Shaded","section":"Shading Mode"},"sceneLighting":true,"audioPlay":false,"sceneViewState":{"showFog":false,"showMaterialUpdate":false,"showSkybox":false,"showFlares":false,"showImageEffects":false,"showParticleSystems":false},"in2DMode":false,"pivot":{"x":-3.806612968444824,"y":1.8041174411773682,"z":-14.550718307495118},"rotation":{"x":0.21380861103534699,"y":-0.6614285111427307,"z":0.20525148510932923,"w":0.6889780759811401},"size":0.22433239221572877,"orthographic":false}