{"cameraMode":{"drawMode":0,"name":"Shaded","section":"Shading Mode"},"sceneLighting":false,"audioPlay":false,"sceneViewState":{"showFog":false,"showMaterialUpdate":false,"showSkybox":false,"showFlares":false,"showImageEffects":false,"showParticleSystems":false},"in2DMode":false,"pivot":{"x":-4.60048770904541,"y":1.7383408546447755,"z":-16.196779251098634},"rotation":{"x":0.1932184249162674,"y":-0.4251277446746826,"z":0.09347034245729447,"w":0.8793898224830627},"size":2.149052619934082,"orthographic":false}