{"cameraMode":{"drawMode":0,"name":"Shaded","section":"Shading Mode"},"sceneLighting":true,"audioPlay":false,"sceneViewState":{"showFog":false,"showMaterialUpdate":false,"showSkybox":false,"showFlares":false,"showImageEffects":false,"showParticleSystems":false},"in2DMode":false,"pivot":{"x":-4.441928863525391,"y":1.6205542087554932,"z":-19.802658081054689},"rotation":{"x":0.018647488206624986,"y":0.9497302770614624,"z":-0.3072633743286133,"w":0.05763377994298935},"size":5.792863368988037,"orthographic":false}