{"cameraMode":{"drawMode":0,"name":"Shaded","section":"Shading Mode"},"sceneLighting":true,"audioPlay":false,"sceneViewState":{"showFog":false,"showMaterialUpdate":false,"showSkybox":false,"showFlares":false,"showImageEffects":false,"showParticleSystems":false},"in2DMode":false,"pivot":{"x":-3.9431228637695314,"y":2.0462045669555666,"z":-14.8100004196167},"rotation":{"x":0.1963016837835312,"y":0.6493101119995117,"z":-0.17892570793628694,"w":0.7127737402915955},"size":1.7279783487319947,"orthographic":false}