{"cameraMode":{"drawMode":0,"name":"Shaded","section":"Shading Mode"},"sceneLighting":false,"audioPlay":false,"sceneViewState":{"showFog":false,"showMaterialUpdate":false,"showSkybox":false,"showFlares":false,"showImageEffects":false,"showParticleSystems":false},"in2DMode":false,"pivot":{"x":-3.8971214294433595,"y":1.7734817266464234,"z":-15.193009376525879},"rotation":{"x":-0.34618741273880007,"y":0.3482927978038788,"z":-0.14034181833267213,"w":-0.859817624092102},"size":0.9901263117790222,"orthographic":false}