{"cameraMode":{"drawMode":0,"name":"Shaded","section":"Shading Mode"},"sceneLighting":false,"audioPlay":false,"sceneViewState":{"showFog":false,"showMaterialUpdate":false,"showSkybox":false,"showFlares":false,"showImageEffects":false,"showParticleSystems":false},"in2DMode":false,"pivot":{"x":0.0,"y":1.9999998807907105,"z":0.09000015258789063},"rotation":{"x":-0.2936727702617645,"y":0.31018006801605227,"z":-0.10138115286827088,"w":-0.8985098600387573},"size":14.377199172973633,"orthographic":false}