{"cameraMode":{"drawMode":0,"name":"Shaded","section":"Shading Mode"},"sceneLighting":true,"audioPlay":false,"sceneViewState":{"showFog":false,"showMaterialUpdate":false,"showSkybox":false,"showFlares":false,"showImageEffects":false,"showParticleSystems":false},"in2DMode":false,"pivot":{"x":-0.5771560668945313,"y":0.5949745178222656,"z":0.3758411407470703},"rotation":{"x":-0.2936727702617645,"y":0.31018006801605227,"z":-0.10138115286827088,"w":-0.8985098600387573},"size":33.84445571899414,"orthographic":false}