{"cameraMode":{"drawMode":0,"name":"Shaded","section":"Shading Mode"},"sceneLighting":true,"audioPlay":false,"sceneViewState":{"showFog":false,"showMaterialUpdate":false,"showSkybox":false,"showFlares":false,"showImageEffects":false,"showParticleSystems":false},"in2DMode":false,"pivot":{"x":-5.988558769226074,"y":-0.9577994346618652,"z":-16.291086196899415},"rotation":{"x":-0.2936727702617645,"y":0.31018006801605227,"z":-0.10138115286827088,"w":-0.8985098600387573},"size":10.557271957397461,"orthographic":false}