{"cameraMode":{"drawMode":0,"name":"Shaded","section":"Shading Mode"},"sceneLighting":true,"audioPlay":false,"sceneViewState":{"showFog":false,"showMaterialUpdate":false,"showSkybox":false,"showFlares":false,"showImageEffects":false,"showParticleSystems":false},"in2DMode":false,"pivot":{"x":-3.7346014976501467,"y":2.1821744441986086,"z":-14.386725425720215},"rotation":{"x":-0.11140433698892594,"y":0.7864504456520081,"z":-0.14871914684772492,"w":-0.5890848636627197},"size":1.8297343254089356,"orthographic":false}