{"cameraMode":{"drawMode":0,"name":"Shaded","section":"Shading Mode"},"sceneLighting":true,"audioPlay":false,"sceneViewState":{"showFog":false,"showMaterialUpdate":false,"showSkybox":false,"showFlares":false,"showImageEffects":false,"showParticleSystems":false},"in2DMode":false,"pivot":{"x":0.8250021934509277,"y":0.3499981164932251,"z":0.14000165462493897},"rotation":{"x":-0.10901542752981186,"y":-0.7195320725440979,"z":0.11604813486337662,"w":-0.6759859919548035},"size":8.267294883728028,"orthographic":false}