{"cameraMode":{"drawMode":0,"name":"Shaded","section":"Shading Mode"},"sceneLighting":true,"audioPlay":false,"sceneViewState":{"showFog":false,"showMaterialUpdate":false,"showSkybox":false,"showFlares":false,"showImageEffects":false,"showParticleSystems":false},"in2DMode":false,"pivot":{"x":-4.911300182342529,"y":1.9112000465393067,"z":-14.217000007629395},"rotation":{"x":0.0027113761752843858,"y":-0.9620406031608582,"z":0.009520474821329117,"w":0.27278608083724978},"size":0.15203943848609925,"orthographic":false}