{"cameraMode":{"drawMode":0,"name":"Shaded","section":"Shading Mode"},"sceneLighting":true,"audioPlay":false,"sceneViewState":{"showFog":false,"showMaterialUpdate":false,"showSkybox":false,"showFlares":false,"showImageEffects":false,"showParticleSystems":false},"in2DMode":false,"pivot":{"x":-2.384185791015625e-7,"y":0.1399996280670166,"z":0.7719999551773071},"rotation":{"x":0.2356387823820114,"y":0.014577185735106469,"z":-0.0035385608207434417,"w":0.9717419743537903},"size":8.825759887695313,"orthographic":false}