{"cameraMode":{"drawMode":0,"name":"Shaded","section":"Shading Mode"},"sceneLighting":false,"audioPlay":false,"sceneViewState":{"showFog":false,"showMaterialUpdate":false,"showSkybox":false,"showFlares":false,"showImageEffects":false,"showParticleSystems":false},"in2DMode":false,"pivot":{"x":-8.773672103881836,"y":1.7799968719482422,"z":-12.829999923706055},"rotation":{"x":-0.11607858538627625,"y":0.4187687039375305,"z":-0.054061129689216617,"w":-0.899048924446106},"size":0.3490523099899292,"orthographic":false}