{"cameraMode":{"drawMode":0,"name":"Shaded","section":"Shading Mode"},"sceneLighting":false,"audioPlay":false,"sceneViewState":{"showFog":false,"showMaterialUpdate":false,"showSkybox":false,"showFlares":false,"showImageEffects":false,"showParticleSystems":false},"in2DMode":false,"pivot":{"x":-9.47009563446045,"y":1.8090360164642335,"z":-14.284046173095704},"rotation":{"x":-0.11607858538627625,"y":0.4187687039375305,"z":-0.054061129689216617,"w":-0.899048924446106},"size":0.7740908265113831,"orthographic":false}