{"cameraMode":{"drawMode":0,"name":"Shaded","section":"Shading Mode"},"sceneLighting":true,"audioPlay":false,"sceneViewState":{"showFog":false,"showMaterialUpdate":false,"showSkybox":false,"showFlares":false,"showImageEffects":false,"showParticleSystems":false},"in2DMode":false,"pivot":{"x":-3.9366540908813478,"y":-4.6822638511657719,"z":-19.872220993041993},"rotation":{"x":0.31501665711402895,"y":0.653502881526947,"z":-0.34597817063331606,"w":0.5950435400009155},"size":15.346892356872559,"orthographic":false}