{"cameraMode":{"drawMode":0,"name":"Shaded","section":"Shading Mode"},"sceneLighting":false,"audioPlay":false,"sceneViewState":{"showFog":false,"showMaterialUpdate":false,"showSkybox":false,"showFlares":false,"showImageEffects":false,"showParticleSystems":false},"in2DMode":false,"pivot":{"x":-5.173611640930176,"y":1.2144651412963868,"z":-20.60768699645996},"rotation":{"x":-0.23944613337516786,"y":0.6285655498504639,"z":-0.21243314445018769,"w":-0.7089312672615051},"size":4.8901262283325199,"orthographic":false}