{"cameraMode":{"drawMode":0,"name":"Shaded","section":"Shading Mode"},"sceneLighting":false,"audioPlay":false,"sceneViewState":{"showFog":false,"showMaterialUpdate":false,"showSkybox":false,"showFlares":false,"showImageEffects":false,"showParticleSystems":false},"in2DMode":false,"pivot":{"x":-9.50534725189209,"y":1.1420090198516846,"z":-13.974105834960938},"rotation":{"x":-0.352789968252182,"y":0.27936145663261416,"z":-0.11122636497020722,"w":-0.8861033916473389},"size":2.8740906715393068,"orthographic":false}